date,portfolio,metric,value
2025-01-20,PORT_A,VOL,12.382096435611468
2025-03-11,PORT_A,P95,46.40689866514808
2025-02-05,PORT_C,P50,45.73001834796808
2025-01-24,PORT_A,P95,53.39757322434079
2025-03-13,PORT_C,P50,43.583728266908615
2025-02-22,PORT_A,SPREAD,6.459972142939116
2025-01-21,PORT_A,DELTA,0.0961698933227639
2025-02-20,PORT_A,VOL,10.835469544376313
2025-02-05,PORT_C,P95,57.631023858533325
2025-01-06,PORT_A,P95,49.56224510241553
2025-01-28,PORT_A,P50,34.86949482203012
2025-03-29,PORT_A,DELTA,-0.1205779827832235
2025-03-03,PORT_A,P50,37.99556774338302
2025-02-06,PORT_C,P95,48.795322388994855
2025-03-23,PORT_B,P95,40.194823884180735
2025-01-03,PORT_C,DELTA,1.6438050087504477
2025-01-18,PORT_A,VOL,11.127923075906873
2025-01-08,PORT_C,P50,41.57108910650813
2025-02-09,PORT_A,P50,34.99424777836723
2025-03-11,PORT_C,P95,58.95225850208513
2025-01-06,PORT_A,DELTA,1.2410964319234703
2025-01-04,PORT_A,VOL,10.719393617880831
2025-01-25,PORT_B,SPREAD,5.835464341950304
2025-03-12,PORT_A,VOL,6.949685423337149
2025-03-10,PORT_B,VOL,15.471289156391876
2025-02-11,PORT_B,VOL,18.265124114342186
2025-01-27,PORT_A,P50,40.978399066726354
2025-01-22,PORT_A,P95,48.89601127252308
2025-03-09,PORT_A,P95,54.44912705721495
2025-02-27,PORT_C,VOL,12.364515034205146
2025-03-10,PORT_C,SPREAD,5.387562625359562
2025-01-24,PORT_C,DELTA,-0.4597591428927736
2025-03-08,PORT_C,P95,52.32725136670051
2025-01-27,PORT_A,VOL,10.431830938442882
2025-01-16,PORT_B,DELTA,-0.284758970042587
2025-01-05,PORT_B,SPREAD,5.992619850055427
2025-01-20,PORT_C,P95,53.40128207844399
2025-01-12,PORT_A,DELTA,1.1034740209301488
2025-02-27,PORT_C,SPREAD,5.426562178457762
2025-03-04,PORT_A,VOL,12.583152904732009
2025-03-12,PORT_B,SPREAD,5.5379039813486015
2025-01-04,PORT_B,P95,44.4372542549256
2025-01-18,PORT_C,P50,41.40636632223345
2025-01-14,PORT_A,P95,48.75501006071184
2025-03-02,PORT_A,P95,46.46372344932588
2025-01-03,PORT_A,SPREAD,7.030999522495951
2025-03-03,PORT_B,SPREAD,5.044877420650647
2025-02-06,PORT_C,SPREAD,4.416097176514277
2025-03-02,PORT_A,DELTA,-1.9066572165174247
2025-03-25,PORT_B,P95,42.82801245029071
2025-01-11,PORT_C,DELTA,-0.9860018693176656
2025-03-01,PORT_A,P50,35.930254586129784
2025-01-15,PORT_C,P50,41.03930037893807
2025-03-04,PORT_B,VOL,15.917909751981568
2025-02-11,PORT_A,DELTA,-0.3799887743647589
2025-01-07,PORT_C,P95,57.4844388960621
2025-01-19,PORT_B,P50,38.35872473430373
2025-02-18,PORT_A,P95,54.03773066365494
2025-02-18,PORT_C,P50,45.80217694221571
2025-03-29,PORT_A,SPREAD,7.4444203881536914
2025-03-01,PORT_A,VOL,10.651271885324157
2025-01-29,PORT_B,SPREAD,5.665147727623887
2025-03-11,PORT_B,P95,46.66050653597564
2025-01-25,PORT_C,VOL,9.861462651968507
2025-01-14,PORT_C,DELTA,2.4008230968267967
2025-01-13,PORT_C,SPREAD,4.551915658502676
2025-02-17,PORT_C,P50,48.70827952563131
2025-03-10,PORT_A,VOL,11.194408056282503
2025-03-23,PORT_A,DELTA,1.6830566840795185
2025-01-05,PORT_A,DELTA,-0.0530277508984337
2025-03-15,PORT_C,P50,43.83444464073335
2025-03-04,PORT_C,P50,47.52186007951366
2025-02-08,PORT_C,P95,55.35407308794112
2025-02-28,PORT_C,SPREAD,6.794264679621827
2025-01-03,PORT_C,VOL,12.261141204714514
2025-02-11,PORT_C,DELTA,2.1461746908206263
2025-01-15,PORT_B,DELTA,1.142695020653576
2025-02-26,PORT_B,SPREAD,5.8647571043679685
2025-03-13,PORT_B,P50,29.596826797541784
2025-03-02,PORT_B,VOL,9.792424652031496
2025-01-31,PORT_B,DELTA,2.4463419011829144
2025-01-31,PORT_C,VOL,10.73943954871243
2025-01-17,PORT_C,VOL,8.08659149848544
2025-03-14,PORT_C,VOL,9.282803097412144
2025-02-05,PORT_A,SPREAD,6.987308899256625
2025-01-29,PORT_C,SPREAD,5.272862824175132
2025-02-23,PORT_A,VOL,17.397814725056996
2025-03-11,PORT_A,VOL,15.86197317045642
2025-02-23,PORT_B,SPREAD,8.056207129940322
2025-03-13,PORT_A,P50,39.11355904591252
2025-03-25,PORT_B,VOL,10.778891061219658
2025-02-03,PORT_C,P95,54.9887137641613
2025-01-29,PORT_A,P50,41.47995370264267
2025-03-24,PORT_A,DELTA,0.9448125557607548
2025-03-16,PORT_B,P95,45.62239133054332
2025-02-17,PORT_C,P95,58.854273037578025
2025-03-10,PORT_B,SPREAD,
2025-02-01,PORT_C,VOL,11.49565531312412
2025-01-28,PORT_C,P50,41.1612690997929
2025-01-30,PORT_A,DELTA,-0.9074886170728836
2025-02-15,PORT_A,VOL,13.151914657640589
2025-02-10,PORT_C,P50,44.03509484634785
2025-02-21,PORT_C,SPREAD,5.593276916953416
2025-02-18,PORT_B,SPREAD,5.998449494164097
2025-03-12,PORT_A,P50,43.93092623835882
2025-02-24,PORT_C,DELTA,1.1771568088412192
2025-03-30,PORT_B,P50,30.9419891424694
2025-02-07,PORT_B,P50,31.99513997031525
2025-01-13,PORT_A,VOL,13.872359451156466
2025-01-17,PORT_B,SPREAD,7.334445640864136
2025-02-07,PORT_C,SPREAD,6.357925728691769
2025-01-05,PORT_B,P50,42.389726337455855
2025-03-19,PORT_A,SPREAD,5.183596013898958
2025-02-22,PORT_B,DELTA,-1.9618348859205956
2025-01-24,PORT_B,DELTA,
2025-01-21,PORT_B,VOL,14.280753283906082
2025-01-17,PORT_A,VOL,15.175273460548762
2025-03-03,PORT_A,SPREAD,6.11772121738091
2025-02-08,PORT_B,DELTA,1.237373095695811
2025-03-02,PORT_B,DELTA,-0.1220868509399913
2025-02-27,PORT_C,P50,50.316754790009234
2025-03-14,PORT_A,DELTA,-0.2118967086082713
2025-01-04,PORT_C,DELTA,-0.7910329031605865
2025-01-28,PORT_B,DELTA,2.028740130036261
2025-03-24,PORT_A,SPREAD,
2025-01-16,PORT_C,SPREAD,8.047398921130238
2025-02-13,PORT_B,P50,
2025-01-02,PORT_B,DELTA,-3.919340247759551
2025-02-15,PORT_A,DELTA,2.4123067913411838
2025-01-23,PORT_C,VOL,
2025-02-16,PORT_C,P95,50.60428683127747
2025-02-09,PORT_A,VOL,17.34248763889993
2025-02-26,PORT_B,P95,46.17939441712405
2025-02-17,PORT_B,SPREAD,5.888773938651299
2025-01-29,PORT_B,VOL,11.858206042112972
2025-02-14,PORT_B,DELTA,3.029035125179163
2025-02-21,PORT_C,DELTA,-0.17668531801819
2025-02-28,PORT_A,VOL,16.478065706878567
2025-01-21,PORT_B,P95,41.98994731467268
2025-01-15,PORT_C,P95,54.70221791064678
2025-03-21,PORT_A,P95,54.4610376621814
2025-01-06,PORT_B,P95,44.9788230192411
2025-03-17,PORT_A,SPREAD,5.370094745281588
2025-01-31,PORT_C,P95,56.57026139003309
2025-01-24,PORT_B,P50,32.03118553922426
2025-02-01,PORT_C,DELTA,-0.9919380926529412
2025-03-25,PORT_C,SPREAD,6.9578822281769765
2025-03-24,PORT_A,P50,42.15927382644455
2025-02-23,PORT_C,SPREAD,5.186354643940326
2025-02-22,PORT_B,SPREAD,7.298811324847052
2025-02-05,PORT_B,VOL,11.863241950933508
2025-03-12,PORT_B,P50,
2025-02-03,PORT_B,DELTA,1.2974197751792853
2025-03-04,PORT_C,VOL,10.824725552868534
2025-02-24,PORT_B,DELTA,
2025-03-27,PORT_A,VOL,9.752905587134713
2025-01-12,PORT_C,P50,47.44052890800192
2025-01-16,PORT_B,P95,44.89550345025727
2025-01-18,PORT_B,P95,41.82348148035799
2025-03-02,PORT_B,P95,50.50897924487086
2025-03-08,PORT_C,VOL,7.4858388779069935
2025-03-12,PORT_A,DELTA,-0.4184437474890555
2025-03-28,PORT_A,P50,41.95135027760842
2025-03-01,PORT_B,SPREAD,5.17240977935128
2025-03-04,PORT_A,DELTA,0.6515926331643329
2025-01-19,PORT_B,SPREAD,5.952209122626462
2025-02-26,PORT_B,P50,37.86591562571153
2025-03-17,PORT_C,VOL,16.109126333909344
2025-02-12,PORT_A,P95,57.09500916164765
2025-03-16,PORT_A,VOL,14.401228575683046
2025-01-04,PORT_C,P95,48.70666146507976
2025-02-14,PORT_B,P95,40.33376844722996
2025-03-26,PORT_B,P50,33.73771461895684
2025-02-08,PORT_B,P50,35.593732350387945
2025-03-24,PORT_C,VOL,14.23257591449981
2025-02-08,PORT_C,DELTA,-2.045585130396811
2025-03-16,PORT_A,P50,42.17528736054399
2025-01-06,PORT_C,P95,58.15269520412589
2025-01-09,PORT_A,DELTA,1.5179384409865349
2025-03-27,PORT_B,P95,47.92412008843554
2025-03-06,PORT_B,P50,37.54226503145127
2025-01-22,PORT_B,SPREAD,4.129208078974145
2025-03-04,PORT_C,DELTA,-0.7336488236293751
2025-03-31,PORT_A,P95,48.12421161681856
2025-02-10,PORT_C,DELTA,0.8600832943821393
2025-03-27,PORT_C,DELTA,-1.1968518706871207
2025-03-01,PORT_A,P95,45.07674035236508
2025-02-26,PORT_C,SPREAD,5.773515901150168
2025-01-09,PORT_B,DELTA,-1.7862405472584462
2025-02-05,PORT_B,SPREAD,4.474474829075261
2025-03-15,PORT_B,DELTA,0.3894723894375497
2025-03-10,PORT_C,P50,
2025-03-22,PORT_A,SPREAD,6.020886488295962
2025-03-17,PORT_C,SPREAD,6.559449075995037
2025-01-29,PORT_B,DELTA,3.9500547072615615
2025-03-19,PORT_B,DELTA,-0.9003785297028232
2025-01-12,PORT_B,VOL,14.476249046964089
2025-01-25,PORT_C,P95,52.1852960968785
2025-03-18,PORT_C,P50,47.55269388650392
2025-03-19,PORT_A,P50,38.25172402716525
2025-03-12,PORT_C,DELTA,3.197294341009434
2025-03-29,PORT_B,P50,35.021189475884526
2025-03-31,PORT_A,P50,40.780841519748655
2025-02-23,PORT_C,P95,55.84468550704998
2025-01-02,PORT_C,VOL,10.38557501501112
2025-03-07,PORT_C,P50,45.71510694820436
2025-02-14,PORT_A,VOL,9.738106233399972
2025-01-17,PORT_A,P50,41.93612784875544
2025-03-14,PORT_A,P95,47.30474966311579
2025-01-03,PORT_A,P95,49.19258657676386
2025-01-25,PORT_A,DELTA,-0.1085897330356244
2025-01-15,PORT_A,P50,46.56940879965302
2025-01-21,PORT_C,SPREAD,6.371145873371309
2025-03-25,PORT_A,VOL,13.763194957439827
2025-03-02,PORT_C,SPREAD,6.113270410537765
2025-03-23,PORT_B,VOL,7.205626944348757
2025-01-24,PORT_B,SPREAD,6.055724912288695
2025-03-28,PORT_C,DELTA,1.5578730070242282
2025-01-05,PORT_C,P50,46.760571281400814
2025-02-04,PORT_A,DELTA,3.1549065595269488
2025-03-14,PORT_C,P95,58.275363305139535
2025-03-06,PORT_A,VOL,5.481991361957892
2025-01-16,PORT_C,VOL,16.653788564198912
2025-03-13,PORT_A,P95,46.034226007365874
2025-01-29,PORT_C,DELTA,-0.4950372711030095
2025-02-09,PORT_B,VOL,13.482090558848215
2025-02-16,PORT_B,SPREAD,5.465851650311903
2025-02-18,PORT_A,VOL,6.49138388069011
2025-02-21,PORT_A,P50,41.17541201620764
2025-02-08,PORT_A,SPREAD,8.075260872625265
2025-02-09,PORT_C,DELTA,-0.3134607964450517
2025-02-01,PORT_A,SPREAD,4.792604168353625
2025-01-04,PORT_A,DELTA,-0.424322843423253
2025-03-22,PORT_C,SPREAD,5.680152476745156
2025-01-08,PORT_B,DELTA,0.3074502118910558
2025-01-11,PORT_B,P50,35.03069918305876
2025-02-24,PORT_C,P50,44.372930228141925
2025-02-02,PORT_A,SPREAD,5.167644426895771
2025-02-22,PORT_C,SPREAD,6.9960476858058165
2025-03-18,PORT_A,SPREAD,5.475911602065407
2025-02-02,PORT_A,P95,53.12002015647061
2025-02-26,PORT_B,VOL,7.903613933423459
2025-02-17,PORT_A,P95,46.72230886294287
2025-03-31,PORT_A,VOL,10.159917562445152
2025-01-23,PORT_B,VOL,10.342062679958984
2025-03-30,PORT_C,VOL,10.759604516630173
2025-01-14,PORT_A,DELTA,-1.3646852022403078
2025-03-30,PORT_C,DELTA,-2.6520953721640765
2025-02-16,PORT_C,P50,43.05216736480198
2025-01-19,PORT_A,P50,44.93490314050385
2025-02-12,PORT_A,P50,47.21024675571483
2025-02-14,PORT_C,P50,45.31612651843788
2025-01-08,PORT_A,SPREAD,6.740340817947739
2025-03-19,PORT_A,DELTA,0.3830138775854613
2025-01-20,PORT_C,SPREAD,5.467419697779596
2025-03-26,PORT_A,SPREAD,4.747606555586881
2025-03-30,PORT_A,P50,38.89216858226139
2025-01-25,PORT_C,P50,43.27901397935929
2025-03-07,PORT_C,DELTA,-3.6200648065451584
2025-03-09,PORT_B,P50,34.042838193000144
2025-03-16,PORT_B,P50,37.26287398944072
2025-01-17,PORT_A,DELTA,1.3721029199968786
2025-01-26,PORT_A,SPREAD,6.20370179813885
2025-02-11,PORT_C,VOL,11.508117361194236
2025-03-20,PORT_A,VOL,9.391010756175916
2025-03-27,PORT_B,P50,36.99893750272764
2025-01-30,PORT_A,P50,41.86201629265204
2025-02-18,PORT_A,SPREAD,5.21401053949205
2025-01-04,PORT_B,VOL,
2025-01-26,PORT_B,SPREAD,6.721672064043236
2025-02-20,PORT_B,P50,35.511248667126466
2025-01-08,PORT_A,VOL,14.331149384710823
2025-03-11,PORT_B,P50,38.00174695412893
2025-02-06,PORT_B,DELTA,
2025-03-31,PORT_B,SPREAD,5.078140186874687
2025-03-22,PORT_A,DELTA,0.4614018114373669
2025-02-21,PORT_B,VOL,16.413510982480826
2025-02-08,PORT_A,DELTA,-1.3783756361791355
2025-03-28,PORT_B,P50,35.75060061875509
2025-03-06,PORT_C,P50,42.193683893866215
2025-03-07,PORT_B,DELTA,2.323756605216381
2025-03-31,PORT_A,DELTA,3.0271959493055567
2025-01-12,PORT_B,P50,36.641292143510114
2025-01-20,PORT_A,P95,47.78917497051727
2025-02-11,PORT_B,P95,
2025-01-14,PORT_C,VOL,17.448263370731446
2025-02-21,PORT_A,SPREAD,5.969061002844376
2025-01-10,PORT_B,P50,
2025-03-04,PORT_C,SPREAD,5.761067900830306
2025-03-18,PORT_A,VOL,9.5327402028534
2025-01-14,PORT_A,VOL,11.855413543392562
2025-01-25,PORT_B,P50,37.088619094440254
2025-01-27,PORT_B,DELTA,-3.506938832501325
2025-02-23,PORT_C,VOL,11.579871444173286
2025-01-01,PORT_C,P50,42.275927773436365
2025-01-10,PORT_C,SPREAD,7.872005680472304
2025-03-08,PORT_A,DELTA,1.4842549821437845
2025-01-19,PORT_C,SPREAD,6.077368307647618
2025-01-20,PORT_C,DELTA,1.0566332192607528
2025-02-02,PORT_C,VOL,11.950731311781745
2025-01-20,PORT_B,P95,41.49483668792376
2025-02-08,PORT_A,P50,43.952182196902974
2025-02-28,PORT_A,DELTA,-1.6063579013606897
2025-03-03,PORT_A,P95,45.55733852074459
2025-03-31,PORT_C,VOL,15.743270502228649
2025-02-02,PORT_C,P50,44.90061908137861
2025-03-01,PORT_C,VOL,12.221310323660658
2025-02-17,PORT_B,VOL,9.7934101722307
2025-01-28,PORT_B,P50,35.768089202941624
2025-01-10,PORT_A,P50,40.55936294430828
2025-03-02,PORT_A,P50,38.06210746262639
2025-02-20,PORT_B,P95,46.51030263731728
2025-03-18,PORT_B,VOL,9.667382880465068
2025-03-20,PORT_B,P50,38.37630435324431
2025-03-16,PORT_B,VOL,7.102324791023721
2025-02-09,PORT_C,VOL,15.18720452962536
2025-01-11,PORT_B,DELTA,-3.794753964977315
2025-03-19,PORT_C,SPREAD,5.67990801905561
2025-03-03,PORT_A,VOL,13.969082609485646
2025-03-20,PORT_A,P50,35.33872370195181
2025-02-24,PORT_B,P95,48.68656478753815
2025-01-28,PORT_B,P95,47.73347117083265
2025-03-22,PORT_A,P95,52.79537711815983
2025-03-04,PORT_A,P50,43.56215815469425
2025-03-18,PORT_B,P95,46.64619212122404
2025-03-09,PORT_A,P50,42.28016789106881
2025-01-23,PORT_A,P95,51.04203993777615
2025-01-07,PORT_B,P95,47.81863331401439
2025-02-24,PORT_A,SPREAD,5.471383318250243
2025-03-01,PORT_B,VOL,8.78358296404318
2025-02-04,PORT_C,SPREAD,7.56552402923434
2025-02-05,PORT_A,P95,56.940743877763694
2025-01-11,PORT_B,P95,46.32502457663284
2025-02-05,PORT_A,VOL,15.93163147407664
2025-02-05,PORT_A,DELTA,2.243706378853697
2025-02-08,PORT_B,VOL,15.387973312618502
2025-01-24,PORT_B,P95,41.77961169902497
2025-02-04,PORT_A,VOL,11.714113402839144
2025-03-05,PORT_A,P50,37.23276944650449
2025-03-10,PORT_A,SPREAD,7.612220628255424
2025-02-26,PORT_A,SPREAD,5.829815377475072
2025-01-23,PORT_C,SPREAD,4.221279751095722
2025-01-24,PORT_B,VOL,6.922606110855542
2025-01-21,PORT_B,DELTA,-1.2039373577927692
2025-01-29,PORT_C,P50,46.86542988665159
2025-02-22,PORT_A,DELTA,-1.3554307395042122
2025-03-16,PORT_B,SPREAD,5.975972141919396
2025-02-17,PORT_A,SPREAD,7.946542837514766
2025-02-14,PORT_A,P50,42.276785769360295
2025-03-20,PORT_B,DELTA,-3.487696233265796
2025-01-09,PORT_A,VOL,9.681524356387284
2025-01-12,PORT_C,DELTA,-0.542080924577085
2025-01-20,PORT_A,SPREAD,6.941284578060476
2025-03-28,PORT_C,P50,43.32509473816191
2025-03-16,PORT_C,P95,49.74574341388452
2025-01-20,PORT_B,VOL,12.811370477339516
2025-02-02,PORT_B,P50,36.89879545326653
2025-03-18,PORT_C,P95,57.277950309705126
2025-01-25,PORT_A,P95,48.71732366824682
2025-03-19,PORT_C,DELTA,-0.7933243196438354
2025-03-06,PORT_B,DELTA,
2025-01-06,PORT_C,DELTA,1.23528169102229
2025-03-14,PORT_B,VOL,14.619508292080395
2025-01-30,PORT_C,SPREAD,6.886517412569054
2025-03-22,PORT_C,P50,47.9620035497673
2025-02-21,PORT_B,P95,47.90457878051441
2025-03-14,PORT_B,SPREAD,6.280121388969449
2025-03-09,PORT_B,DELTA,0.0426232973438844
2025-02-18,PORT_A,P50,42.124326030065774
2025-01-20,PORT_B,P50,33.22281822728339
2025-01-20,PORT_A,P50,41.61673013105398
2025-03-30,PORT_B,SPREAD,6.931979754959575
2025-03-27,PORT_A,DELTA,-2.0598693418114937
2025-01-31,PORT_C,SPREAD,7.579572145730713
2025-02-19,PORT_A,VOL,11.099579146822526
2025-01-18,PORT_C,P95,53.10907485143447
2025-01-22,PORT_C,SPREAD,6.286941261224298
2025-01-24,PORT_A,DELTA,0.4337220739658766
2025-01-26,PORT_B,P50,37.80703517944238
2025-01-04,PORT_C,VOL,11.132589430590174
2025-01-29,PORT_A,SPREAD,5.141642219818786
2025-03-26,PORT_C,DELTA,-0.1630453462032917
2025-01-29,PORT_B,P50,35.366029443936085
2025-02-28,PORT_C,P95,49.25425707464778
2025-03-23,PORT_C,P50,46.38651799824583
2025-02-24,PORT_A,P50,41.199063855257926
2025-02-27,PORT_B,VOL,11.91745528484809
2025-02-26,PORT_A,DELTA,-0.9064560986545503
2025-01-23,PORT_A,DELTA,-1.6996887389295836
2025-03-21,PORT_B,P95,42.79067432138313
2025-03-25,PORT_C,DELTA,1.558547774788327
2025-02-09,PORT_B,P95,52.18980375747259
2025-03-22,PORT_C,P95,57.810101502482254
2025-02-01,PORT_B,P95,46.20124785537591
2025-02-09,PORT_A,DELTA,-0.2107838508746526
2025-03-01,PORT_C,DELTA,-1.421520207098357
2025-02-24,PORT_C,VOL,17.00971351305422
2025-03-06,PORT_A,DELTA,-0.2407623279071964
2025-01-22,PORT_C,DELTA,0.3303887602411537
2025-02-03,PORT_A,SPREAD,6.46254855264754
2025-01-22,PORT_A,DELTA,1.0869663059275552
2025-03-11,PORT_B,SPREAD,7.392465300064329
2025-01-06,PORT_B,DELTA,2.614285508564856
2025-01-09,PORT_B,VOL,10.995548257815798
2025-02-22,PORT_A,P50,40.0960124471973
2025-01-01,PORT_C,SPREAD,7.465648768921554
2025-02-05,PORT_C,DELTA,1.0110036212229825
2025-01-12,PORT_B,P95,46.23690683864233
2025-02-09,PORT_C,P95,52.4810388773962
2025-03-24,PORT_B,SPREAD,4.730604793384395
2025-01-18,PORT_B,P50,33.40922714488268
2025-02-14,PORT_C,SPREAD,5.398632356048786
2025-03-29,PORT_B,VOL,13.476056543978398
2025-02-15,PORT_A,P95,52.26534688037441
2025-03-16,PORT_A,P95,53.20764393477391
2025-03-27,PORT_B,VOL,15.582328209142116
2025-01-23,PORT_A,SPREAD,5.540639100459756
2025-01-24,PORT_C,P50,49.58865095838184
2025-01-10,PORT_A,DELTA,-0.6684941823007353
2025-01-26,PORT_B,P95,50.3501453694307
2025-01-20,PORT_B,SPREAD,6.048521627944827
2025-03-15,PORT_A,DELTA,0.8293970574617736
2025-02-02,PORT_C,DELTA,0.447575903277797
2025-01-10,PORT_B,P95,53.4313991121402
2025-03-02,PORT_A,VOL,12.368010947984386
2025-03-15,PORT_C,P95,
2025-02-07,PORT_A,DELTA,1.049777557327901
2025-01-10,PORT_A,VOL,11.04645928046825
2025-03-20,PORT_C,SPREAD,3.437666341204689
2025-03-11,PORT_B,DELTA,-0.5000930291979055
2025-01-15,PORT_C,VOL,6.860596412727368
2025-02-13,PORT_B,P95,47.44042057515545
2025-01-19,PORT_A,VOL,21.236642425365712
2025-01-22,PORT_B,DELTA,-0.7030269680826173
2025-01-31,PORT_A,P95,48.559922950967575
2025-01-28,PORT_A,VOL,
2025-01-22,PORT_C,P50,50.02931193682585
2025-02-09,PORT_C,SPREAD,5.949577148278513
2025-01-20,PORT_C,VOL,12.622510455477409
2025-02-18,PORT_A,DELTA,-2.662465907115556
2025-02-12,PORT_B,P95,50.57137606323717
2025-02-06,PORT_B,VOL,13.694103187608468
2025-03-25,PORT_B,SPREAD,6.014273067836434
2025-03-26,PORT_C,SPREAD,5.495820168992329
2025-03-08,PORT_C,P50,43.71209332644822
2025-03-28,PORT_B,DELTA,1.6321456867876958
2025-02-20,PORT_A,SPREAD,5.38659733645906
2025-03-10,PORT_B,P95,43.350271505812685
2025-03-19,PORT_B,P50,36.84731344931343
2025-03-05,PORT_A,SPREAD,7.225132348167874
2025-03-23,PORT_C,DELTA,0.0533621142210719
2025-02-11,PORT_C,P95,55.13436942072433
2025-03-20,PORT_A,SPREAD,6.376409526097516
2025-02-10,PORT_A,SPREAD,5.5322987986881085
2025-02-01,PORT_C,SPREAD,5.377129503576716
2025-02-11,PORT_A,P50,40.71636747707954
2025-02-19,PORT_C,P50,46.459504931478605
2025-01-22,PORT_B,P95,36.86945377263163
2025-03-02,PORT_C,P50,43.72092721138337
2025-02-23,PORT_A,DELTA,2.911237380162233
2025-03-05,PORT_B,SPREAD,6.586693801475275
2025-03-15,PORT_B,P50,36.78067016684258
2025-02-02,PORT_B,P95,46.173725403067806
2025-01-03,PORT_B,VOL,12.889684152986913
2025-01-03,PORT_A,P50,37.96923399908212
2025-01-17,PORT_A,SPREAD,5.035076539419896
2025-02-19,PORT_A,SPREAD,6.197578922051408
2025-03-05,PORT_C,DELTA,1.44722117445775
2025-01-10,PORT_A,P95,49.01572478879477
2025-01-21,PORT_C,P50,46.73121638154162
2025-03-17,PORT_A,P50,42.81271041287968
2025-02-08,PORT_C,SPREAD,6.613517972730417
2025-03-14,PORT_A,P50,36.31135121664275
2025-03-21,PORT_B,SPREAD,6.101856295261987
2025-02-19,PORT_B,VOL,11.788503665822727
2025-03-31,PORT_B,P50,34.74968609062892
2025-02-06,PORT_C,DELTA,1.5208293122885947
2025-01-01,PORT_A,DELTA,3.0460597128160507
2025-01-08,PORT_B,P95,46.29017753701122
2025-02-20,PORT_B,VOL,11.373118538003908
2025-03-19,PORT_B,VOL,12.001583876569793
2025-02-27,PORT_B,P95,45.47539864038532
2025-03-10,PORT_C,P95,58.43365823214339
2025-03-21,PORT_B,DELTA,3.0980403029903747
2025-03-04,PORT_B,P95,43.33317807381994
2025-01-26,PORT_A,P95,47.96423395252582
2025-02-11,PORT_A,SPREAD,4.965045135467867
2025-01-31,PORT_A,DELTA,
2025-03-21,PORT_C,VOL,9.191134102779683
2025-01-21,PORT_C,VOL,12.2597693624187
2025-01-30,PORT_A,VOL,13.898824901380396
2025-01-30,PORT_B,SPREAD,6.271578837195373
2025-03-14,PORT_C,DELTA,2.523843001427984
2025-01-22,PORT_A,VOL,15.104762781241796
2025-02-14,PORT_A,P95,52.839168617299045
2025-03-03,PORT_C,P50,41.79740125723718
2025-01-01,PORT_B,P50,34.297589129152456
2025-01-07,PORT_C,P50,45.83007239799006
2025-01-29,PORT_A,VOL,10.27308652128668
2025-03-03,PORT_C,P95,52.32751334691781
2025-02-13,PORT_A,VOL,11.089392043268406
2025-02-11,PORT_B,SPREAD,6.998010109859652
2025-02-18,PORT_C,P95,56.445572554607736
2025-01-29,PORT_A,DELTA,1.4006197588179827
2025-03-27,PORT_C,SPREAD,4.279897449052182
2025-03-28,PORT_A,DELTA,-1.9961212546288256
2025-02-12,PORT_A,VOL,15.31657779887395
2025-03-15,PORT_B,P95,40.89989289751402
2025-02-13,PORT_B,VOL,4.501782855379281
2025-01-16,PORT_A,SPREAD,5.944515041702326
2025-02-08,PORT_C,VOL,11.227870387729965
2025-02-14,PORT_B,P50,34.15797476939968
2025-02-23,PORT_B,DELTA,-2.2064167314433663
2025-02-07,PORT_C,P95,60.34170859233822
2025-01-05,PORT_B,P95,53.06936826582914
2025-02-27,PORT_A,DELTA,-3.7919296826145774
2025-02-24,PORT_A,P95,49.89635006767427
2025-01-15,PORT_A,P95,54.95281222894272
2025-02-12,PORT_C,DELTA,2.751413626623239
2025-03-27,PORT_C,P50,42.05650340658096
2025-02-06,PORT_A,SPREAD,6.19652116970147
2025-03-05,PORT_B,DELTA,-0.9498073132450487
2025-03-22,PORT_C,DELTA,0.3035159844974807
2025-02-25,PORT_C,DELTA,3.722631194472789
2025-03-07,PORT_B,VOL,9.217940597428278
2025-02-28,PORT_B,P50,34.186629196872296
2025-03-22,PORT_C,VOL,9.494571295109932
2025-03-30,PORT_A,SPREAD,4.22376476710168
2025-03-26,PORT_A,P50,35.646472929845324
2025-02-24,PORT_B,SPREAD,6.623548856901637
2025-01-19,PORT_A,DELTA,0.6225003090870722
2025-03-25,PORT_B,DELTA,-1.9078788387932897
2025-01-25,PORT_A,SPREAD,
2025-01-01,PORT_A,SPREAD,6.6476885381006925
2025-01-01,PORT_B,P95,43.13583286110543
2025-01-21,PORT_C,P95,56.32512560945564
2025-02-06,PORT_A,DELTA,1.4180075151770246
2025-03-03,PORT_A,DELTA,1.9651469272555544
2025-03-30,PORT_C,P95,61.249194907493234
2025-01-15,PORT_B,P50,33.42273493495772
2025-02-07,PORT_B,P95,41.43293938454335
2025-01-02,PORT_C,SPREAD,4.416705786463113
2025-03-04,PORT_C,P95,58.615327215916416
2025-02-17,PORT_A,DELTA,-0.5209971238774453
2025-02-06,PORT_C,VOL,14.357400475952495
2025-03-25,PORT_A,SPREAD,6.150405438176164
2025-02-15,PORT_A,SPREAD,6.139215408644903
2025-02-16,PORT_A,DELTA,5.159418675308637
2025-01-18,PORT_A,P95,49.80651383679589
2025-01-02,PORT_C,P50,45.59058370760737
2025-01-23,PORT_B,P95,45.00569844997258
2025-01-04,PORT_A,SPREAD,6.743711283771226
2025-01-08,PORT_A,P95,57.91224272200554
2025-03-09,PORT_A,VOL,20.192601699670703
2025-01-04,PORT_C,P50,44.01701356020669
2025-02-26,PORT_C,P50,48.663101086576056
2025-01-15,PORT_A,DELTA,-1.1987852908880443
2025-01-09,PORT_A,P50,42.86200529047961
2025-02-17,PORT_B,P95,42.68065347829828
2025-02-10,PORT_B,P50,36.43112248166936
2025-01-05,PORT_C,SPREAD,5.009463674869312
2025-03-26,PORT_A,P95,45.62229503415321
2025-02-09,PORT_B,P50,39.42962104917768
2025-01-04,PORT_A,P50,39.1029779486024
2025-03-07,PORT_C,VOL,9.936198399488466
2025-02-04,PORT_C,DELTA,-0.1315005221459756
2025-02-17,PORT_B,P50,35.508082472108235
2025-02-17,PORT_A,P50,35.332313061389115
2025-02-19,PORT_C,P95,57.539730354844856
2025-02-05,PORT_B,DELTA,-1.3838161397624889
2025-02-01,PORT_A,P50,39.15464617341848
2025-03-08,PORT_B,DELTA,4.581767848157525
2025-03-20,PORT_B,P95,
2025-02-12,PORT_B,DELTA,0.681200038199717
2025-01-05,PORT_A,P50,40.772651172168295
2025-01-07,PORT_A,SPREAD,7.865774511144757
2025-02-28,PORT_A,SPREAD,6.913584626233249
2025-01-13,PORT_C,VOL,9.844667336242692
2025-01-19,PORT_C,P50,44.97608207605015
2025-01-24,PORT_C,VOL,13.884420040442008
2025-02-04,PORT_B,VOL,12.523917808103484
2025-02-16,PORT_B,P50,39.917350416332205
2025-03-21,PORT_C,SPREAD,6.6769663873395375
2025-01-13,PORT_A,SPREAD,7.158110873500068
2025-01-08,PORT_B,P50,35.519542777553546
2025-03-23,PORT_B,P50,30.728128542649564
2025-03-05,PORT_A,P95,47.026723043710064
2025-01-14,PORT_B,VOL,12.67227744543125
2025-02-14,PORT_C,DELTA,0.6395638682850739
2025-03-23,PORT_A,P95,55.20874062615934
2025-02-06,PORT_B,P50,39.32035164634842
2025-02-24,PORT_A,VOL,15.714849214300909
2025-02-22,PORT_C,DELTA,-1.5135901771389215
2025-02-25,PORT_B,SPREAD,4.581634267066969
2025-02-11,PORT_B,P50,37.748983024107446
2025-01-13,PORT_A,DELTA,1.5833253879258715
2025-01-10,PORT_A,SPREAD,7.661301730608154
2025-02-23,PORT_A,P95,53.337285011411765
2025-01-06,PORT_B,P50,37.44055165210901
2025-03-15,PORT_A,P95,50.4266135040301
2025-03-08,PORT_B,VOL,12.321127146236142
2025-02-06,PORT_A,P95,54.586473339867496
2025-03-02,PORT_C,VOL,14.75768680372561
2025-02-02,PORT_A,P50,44.26151274396956
2025-01-12,PORT_A,P50,42.54880629106307
2025-01-17,PORT_B,DELTA,1.9630947534601624
2025-01-21,PORT_B,SPREAD,5.592539862364735
2025-03-06,PORT_A,SPREAD,7.107080669286972
2025-02-10,PORT_C,VOL,15.090850362095528
2025-01-23,PORT_A,VOL,14.491007449632736
2025-01-07,PORT_B,SPREAD,6.94053558496201
2025-02-27,PORT_C,DELTA,0.7069658118973335
2025-02-21,PORT_B,SPREAD,4.628098857068643
2025-03-09,PORT_C,P50,44.818017558556136
2025-03-15,PORT_B,SPREAD,6.655900776529761
2025-03-09,PORT_A,SPREAD,5.422469906492446
2025-03-22,PORT_B,P50,33.150915775881565
2025-02-17,PORT_C,DELTA,0.1503741752123723
2025-03-23,PORT_B,SPREAD,5.570755579701338
2025-01-21,PORT_A,SPREAD,4.372457562116837
2025-03-15,PORT_C,SPREAD,5.468443062756943
2025-01-26,PORT_C,DELTA,
2025-01-16,PORT_C,P50,46.543316502176246
2025-03-16,PORT_C,VOL,13.977737005297216
2025-03-28,PORT_B,P95,47.91448473823679
2025-01-21,PORT_B,P50,32.28705012468677
2025-03-21,PORT_C,P50,40.59742420274268
2025-03-31,PORT_C,P50,45.20803301110875
2025-01-17,PORT_B,VOL,12.992101671191795
2025-03-16,PORT_A,SPREAD,5.358518404777048
2025-03-04,PORT_B,DELTA,-0.3307980362870238
2025-01-05,PORT_C,P95,
2025-01-07,PORT_A,VOL,8.426089508392053
2025-02-16,PORT_A,P95,45.58791868581834
2025-01-03,PORT_A,DELTA,1.8625602382323967
2025-03-06,PORT_B,VOL,14.251760561507329
2025-01-30,PORT_C,DELTA,-2.81031984472892
2025-01-30,PORT_C,P50,48.15945855999871
2025-03-10,PORT_C,DELTA,0.7230070504122033
2025-02-27,PORT_A,P50,43.26624585911256
2025-02-27,PORT_A,SPREAD,6.771438991915824
2025-01-06,PORT_A,SPREAD,5.085309068738723
2025-01-06,PORT_B,VOL,7.177550296316317
2025-02-15,PORT_B,SPREAD,5.281592734430802
2025-01-06,PORT_B,SPREAD,6.22745993460413
2025-01-31,PORT_B,SPREAD,6.047017213123745
2025-02-23,PORT_C,DELTA,2.427462875451684
2025-03-04,PORT_A,SPREAD,6.579633173213575
2025-01-30,PORT_A,P95,54.43455351946124
2025-02-12,PORT_C,VOL,11.54983323890242
2025-02-19,PORT_B,P95,42.797520787551264
2025-03-13,PORT_C,DELTA,-0.4105741829762019
2025-01-27,PORT_C,VOL,12.923405306676177
2025-03-20,PORT_B,SPREAD,4.587464236578997
2025-02-20,PORT_C,VOL,10.361266655242552
2025-02-24,PORT_A,DELTA,1.1727280375101865
2025-01-07,PORT_C,VOL,11.206029500286132
2025-02-10,PORT_B,VOL,7.824010988435969
2025-02-15,PORT_B,P50,31.268410293826143
2025-02-20,PORT_C,SPREAD,
2025-01-05,PORT_A,SPREAD,4.081228784700959
2025-01-19,PORT_C,P95,57.9359703538302
2025-03-08,PORT_A,VOL,12.226300916704778
2025-01-16,PORT_C,DELTA,0.2297229364277911
2025-01-15,PORT_C,DELTA,-0.9383513042094096
2025-01-10,PORT_C,P50,42.87699160314366
2025-03-25,PORT_C,VOL,11.128274690707912
2025-01-25,PORT_C,DELTA,-1.08684954226753
2025-01-08,PORT_C,DELTA,0.6088982397417051
2025-03-17,PORT_C,DELTA,0.4731635017523946
2025-01-17,PORT_C,P50,46.15219634681792
2025-03-28,PORT_B,VOL,11.777367064351829
2025-01-01,PORT_B,VOL,9.227751486758685
2025-01-30,PORT_C,VOL,13.503100030552035
2025-01-18,PORT_A,P50,42.00901764649012
2025-02-09,PORT_B,DELTA,0.7916070668748181
2025-01-26,PORT_C,VOL,8.978731907081217
2025-02-22,PORT_B,P50,35.40960599324821
2025-03-14,PORT_A,VOL,19.933030041051104
2025-02-07,PORT_A,SPREAD,5.97739691055518
2025-01-31,PORT_C,P50,43.663492435797686
2025-03-24,PORT_C,DELTA,-1.2950836112703183
2025-01-10,PORT_B,VOL,15.800733447559868
2025-02-03,PORT_B,P95,50.5386152496588
2025-03-25,PORT_A,P95,49.9513513134981
2025-02-05,PORT_C,VOL,11.91322534747539
2025-01-12,PORT_C,SPREAD,6.853974711067856
2025-03-28,PORT_C,P95,51.12478627221852
2025-02-21,PORT_B,P50,34.48116182022973
2025-03-14,PORT_C,P50,48.37815075231651
2025-03-16,PORT_A,DELTA,0.8638450893478813
2025-02-19,PORT_A,P95,47.28247146682143
2025-03-31,PORT_B,DELTA,-2.007914744162997
2025-01-01,PORT_B,SPREAD,5.474830192821853
2025-02-16,PORT_C,VOL,12.701357735372245
2025-02-14,PORT_B,SPREAD,6.396838665848805
2025-03-11,PORT_C,VOL,16.446067480847372
2025-01-24,PORT_C,SPREAD,3.6792626260218695
2025-01-22,PORT_C,VOL,13.706810023408924
2025-03-01,PORT_A,SPREAD,5.458165012331358
2025-03-11,PORT_A,SPREAD,6.7326493607290825
2025-03-31,PORT_C,SPREAD,5.187272043081568
2025-01-18,PORT_A,DELTA,1.494736063223603
2025-03-12,PORT_C,SPREAD,5.741203937332898
2025-01-25,PORT_C,SPREAD,5.9672467297840015
2025-03-07,PORT_A,SPREAD,6.779234034313608
2025-03-24,PORT_C,P95,60.80511396600755
2025-01-10,PORT_B,SPREAD,4.480630034045987
2025-02-05,PORT_A,P50,45.64347120832177
2025-03-23,PORT_C,VOL,13.716278335214763
2025-02-25,PORT_A,P95,48.28430145850713
2025-03-05,PORT_A,DELTA,0.0759008725808919
2025-03-27,PORT_B,DELTA,-1.3551293046713102
2025-01-30,PORT_B,P50,36.28885465739776
2025-02-05,PORT_B,P95,48.3997414554907
2025-03-03,PORT_B,P95,43.18837707719639
2025-01-16,PORT_A,P95,53.84435979431853
2025-02-27,PORT_A,VOL,12.510895086487183
2025-01-16,PORT_A,DELTA,0.5187786179993881
2025-03-20,PORT_A,P95,46.97450301800186
2025-01-15,PORT_A,SPREAD,5.160278157819224
2025-01-06,PORT_A,VOL,11.51718786941081
2025-01-10,PORT_C,DELTA,-0.0388842817990963
2025-03-30,PORT_A,DELTA,0.8173056229613417
2025-02-14,PORT_C,P95,52.64807552860147
2025-03-31,PORT_B,VOL,12.621801988196832
2025-03-01,PORT_B,P50,35.52932466583167
2025-02-19,PORT_B,DELTA,1.0593855087134616
2025-01-09,PORT_C,DELTA,1.2678380446360225
2025-03-07,PORT_C,P95,57.02167329470343
2025-01-28,PORT_A,DELTA,-3.2591859719526544
2025-02-26,PORT_A,VOL,14.089162342370146
2025-02-03,PORT_C,SPREAD,6.00341475117841
2025-03-13,PORT_A,DELTA,1.0579158727850406
2025-02-03,PORT_B,VOL,11.498645759049436
2025-02-28,PORT_B,VOL,8.920077795792807
2025-01-24,PORT_A,SPREAD,6.5902746190617885
2025-01-26,PORT_C,P95,56.93742769399393
2025-01-01,PORT_A,P50,41.4901424590337
2025-01-25,PORT_A,P50,39.26277080774216
2025-03-27,PORT_A,P95,47.07528749986668
2025-02-01,PORT_C,P50,46.477353792024445
2025-03-19,PORT_A,P95,49.29621138966127
2025-03-07,PORT_A,VOL,9.408146335737582
2025-03-06,PORT_C,DELTA,1.6161155965622902
2025-03-08,PORT_A,P50,44.83683477396593
2025-02-22,PORT_A,P95,48.58917670650494
2025-01-12,PORT_B,SPREAD,5.782318796772779
2025-01-31,PORT_A,P50,39.43938506751592
2025-01-09,PORT_B,P50,34.28954417977997
2025-03-24,PORT_B,P95,47.32409051203941
2025-02-05,PORT_B,P50,40.539910988143
2025-02-17,PORT_B,DELTA,-1.8078152829295795
2025-01-07,PORT_A,P50,40.87921741989605
2025-03-29,PORT_A,P50,45.023477300042615
2025-01-13,PORT_A,P95,44.553570629925424
2025-03-11,PORT_C,SPREAD,6.779566727240382
2025-01-28,PORT_B,VOL,6.477377306005064
2025-01-17,PORT_C,P95,56.08680685062974
2025-01-05,PORT_B,VOL,8.550622267516925
2025-01-09,PORT_C,P95,53.83351482449981
2025-01-21,PORT_A,P50,37.71022253037245
2025-03-29,PORT_A,P95,53.59848891442614
2025-01-22,PORT_C,P95,58.25968005298988
2025-03-29,PORT_C,VOL,14.42957352491108
2025-03-08,PORT_B,P95,43.15226051112002
2025-02-03,PORT_A,VOL,12.916662961131776
2025-03-06,PORT_B,P95,47.09854322386065
2025-01-25,PORT_A,VOL,11.307196409373963
2025-02-03,PORT_A,P50,43.565179820344255
2025-03-25,PORT_C,P95,55.44873689109752
2025-01-23,PORT_B,DELTA,-0.8548158848989509
2025-01-29,PORT_A,P95,51.84962595003242
2025-01-11,PORT_C,VOL,10.231905729167366
2025-01-02,PORT_C,DELTA,1.5474008336673637
2025-02-04,PORT_B,P95,45.46431978858483
2025-01-13,PORT_C,DELTA,-2.8149275487531105
2025-02-25,PORT_C,VOL,17.65984393826823
2025-03-07,PORT_B,SPREAD,6.070052163113181
2025-01-12,PORT_A,VOL,9.869616126217547
2025-03-01,PORT_B,DELTA,0.1722877660927495
2025-02-13,PORT_B,SPREAD,6.981765486991594
2025-01-12,PORT_B,DELTA,2.19755370397438
2025-02-04,PORT_B,DELTA,-0.7259145579374148
2025-03-15,PORT_A,SPREAD,5.663102174416509
2025-03-06,PORT_B,SPREAD,6.421684468264445
2025-02-02,PORT_C,P95,58.48973480841418
2025-01-05,PORT_C,DELTA,-1.1325954592055438
2025-03-31,PORT_C,P95,
2025-02-09,PORT_A,SPREAD,8.001737102530136
2025-03-07,PORT_A,P95,52.30179701916701
2025-02-13,PORT_C,SPREAD,
2025-01-16,PORT_B,VOL,12.360886895135696
2025-02-18,PORT_C,SPREAD,5.331909546356951
2025-01-15,PORT_A,VOL,5.628312827070579
2025-01-11,PORT_C,SPREAD,5.791877749642725
2025-01-09,PORT_C,SPREAD,8.143944089325325
2025-03-07,PORT_A,DELTA,2.1002211922178287
2025-03-03,PORT_B,VOL,18.18757475772944
2025-03-22,PORT_B,P95,43.802330491507966
2025-01-13,PORT_B,P50,36.88503652779284
2025-01-03,PORT_C,P95,58.02180919429816
2025-02-16,PORT_A,SPREAD,5.911717951648745
2025-01-08,PORT_A,DELTA,-0.9049244646893384
2025-01-03,PORT_B,DELTA,1.6695908384608569
2025-02-07,PORT_C,DELTA,0.786526302767355
2025-03-25,PORT_C,P50,47.0589553708701
2025-03-18,PORT_A,DELTA,0.304709744067444
2025-03-28,PORT_C,VOL,13.373318598455658
2025-02-02,PORT_A,DELTA,0.9428311127728082
2025-02-01,PORT_A,DELTA,-2.1411561593543347
2025-01-02,PORT_B,VOL,8.015441853304708
2025-02-25,PORT_A,DELTA,-0.9083791166230314
2025-03-10,PORT_C,VOL,8.568821378038015
2025-03-05,PORT_A,VOL,12.40663377647589
2025-03-18,PORT_A,P95,47.097295730506616
2025-01-25,PORT_B,P95,45.49039795278972
2025-02-03,PORT_C,P50,45.44014105929997
2025-03-21,PORT_A,SPREAD,
2025-01-26,PORT_B,DELTA,-2.2581035424344584
2025-02-18,PORT_C,VOL,11.475120729913774
2025-02-17,PORT_C,SPREAD,6.780078179716583
2025-03-22,PORT_A,P50,39.47243678670379
2025-01-31,PORT_A,VOL,15.095533618405906
2025-01-18,PORT_B,VOL,10.339052083958451
2025-03-29,PORT_B,DELTA,0.8419458887787796
2025-01-16,PORT_B,SPREAD,4.932379570617406
2025-01-30,PORT_B,VOL,8.756830378775213
2025-01-27,PORT_B,P50,38.14702767751066
2025-03-04,PORT_B,SPREAD,4.0447235736898985
2025-01-12,PORT_C,P95,56.9620793122624
2025-01-02,PORT_A,DELTA,0.5820680025243644
2025-03-22,PORT_B,SPREAD,5.630414471082863
2025-03-01,PORT_A,DELTA,1.265923503019653
2025-01-23,PORT_C,P95,50.18932299606645
2025-02-27,PORT_B,SPREAD,4.830083164289712
2025-02-09,PORT_C,P50,45.78202129747172
2025-01-05,PORT_A,P95,50.62375934063596
2025-01-19,PORT_A,SPREAD,6.576556963055767
2025-03-14,PORT_C,SPREAD,4.226967531793118
2025-03-29,PORT_B,P95,43.700547196937634
2025-01-19,PORT_B,DELTA,-2.122525265893181
2025-03-11,PORT_C,DELTA,-1.97357209147909
2025-02-16,PORT_A,VOL,9.588976296090808
2025-01-25,PORT_B,DELTA,0.0013982351143495
2025-03-24,PORT_C,SPREAD,5.641659847978778
2025-01-03,PORT_B,P95,46.43179556184776
2025-02-19,PORT_A,P50,37.73276452152147
2025-03-21,PORT_C,DELTA,-4.546992518230608
2025-02-14,PORT_A,SPREAD,6.104201103951876
2025-03-03,PORT_B,DELTA,0.8471981311869221
2025-03-06,PORT_C,VOL,13.101861940204024
2025-02-06,PORT_B,SPREAD,5.985710968610031
2025-03-13,PORT_C,SPREAD,4.891835468809198
2025-02-15,PORT_C,DELTA,-0.7082152828959738
2025-02-19,PORT_A,DELTA,4.929755271715367
2025-01-13,PORT_C,P95,54.05098495786031
2025-01-31,PORT_B,P95,41.97011806129997
2025-01-27,PORT_A,DELTA,-0.369804272885978
2025-02-15,PORT_A,P50,41.3214242138812
2025-02-20,PORT_C,P50,46.62438818461436
2025-03-30,PORT_B,DELTA,3.626687903965551
2025-02-18,PORT_B,DELTA,-0.7696837638942512
2025-01-28,PORT_C,VOL,9.60468285774884
2025-01-26,PORT_A,P50,40.31929068307569
2025-01-28,PORT_B,SPREAD,7.665474444462577
2025-01-05,PORT_C,VOL,12.298954095262925
2025-03-26,PORT_A,DELTA,0.7272637652499357
2025-03-22,PORT_B,VOL,16.734320423734545
2025-02-03,PORT_B,P50,38.20002406876746
2025-02-25,PORT_A,P50,41.184014589468944
2025-03-17,PORT_B,P95,45.73455176671537
2025-02-11,PORT_A,P95,50.454535531540046
2025-01-08,PORT_B,VOL,12.174626155338
2025-01-28,PORT_C,SPREAD,6.581022009865985
2025-02-10,PORT_A,P95,48.43760914759432
2025-02-10,PORT_A,VOL,11.859238263362448
2025-03-28,PORT_A,SPREAD,7.051947617722918
2025-01-06,PORT_C,VOL,
2025-02-26,PORT_B,DELTA,0.9601191601733666
2025-03-11,PORT_A,P50,40.32567911732957
2025-03-28,PORT_A,P95,48.94518967408878
2025-02-20,PORT_A,DELTA,-0.6049393729762567
2025-02-03,PORT_A,DELTA,0.4800454753700924
2025-03-13,PORT_A,SPREAD,4.513722970049706
2025-03-13,PORT_B,DELTA,-1.241695196502232
2025-03-24,PORT_B,VOL,
2025-01-01,PORT_C,P95,49.451320370765785
2025-01-27,PORT_B,P95,50.64041715056984
2025-03-21,PORT_A,P50,42.35381286369408
2025-02-07,PORT_A,P50,
2025-01-03,PORT_C,SPREAD,3.380254895910256
2025-02-26,PORT_A,P95,47.53865443491117
2025-01-12,PORT_A,SPREAD,6.876754649952326
2025-01-28,PORT_C,P95,48.292539165475205
2025-02-08,PORT_B,P95,43.53057985664763
2025-02-25,PORT_B,VOL,7.423031056289716
2025-01-18,PORT_C,SPREAD,5.379636277464448
2025-03-10,PORT_A,DELTA,1.7936786317310638
2025-01-29,PORT_B,P95,45.7257202813922
2025-02-16,PORT_A,P50,38.3275246449765
2025-02-06,PORT_A,VOL,11.73079291713832
2025-03-26,PORT_A,VOL,14.6606621702919
2025-02-14,PORT_C,VOL,7.221018799404992
2025-02-15,PORT_C,VOL,13.360613501235528
2025-03-21,PORT_B,P50,
2025-02-26,PORT_C,P95,59.82729649351329
2025-03-30,PORT_A,P95,49.178945516945895
2025-01-11,PORT_B,VOL,15.841622285032392
2025-03-01,PORT_C,P50,36.23594854951618
2025-03-13,PORT_B,VOL,11.495568544245632
2025-01-18,PORT_A,SPREAD,6.487673274923294
2025-03-12,PORT_A,SPREAD,5.437831973421698
2025-01-23,PORT_B,P50,32.431748522273395
2025-03-26,PORT_B,DELTA,-0.9571344840322276
2025-01-02,PORT_A,P50,35.72575544135963
2025-02-04,PORT_B,P50,35.83706457731102
2025-01-22,PORT_B,VOL,12.055255137568656
2025-02-21,PORT_A,DELTA,-3.920316016587664
2025-02-10,PORT_B,SPREAD,7.2336869213760355
2025-03-21,PORT_A,DELTA,0.2415136123789354
2025-03-08,PORT_B,SPREAD,6.611143654649543
2025-03-04,PORT_A,P95,58.74128543873148
2025-03-02,PORT_B,P50,39.87403537540868
2025-01-15,PORT_C,SPREAD,7.179440120721287
2025-01-12,PORT_C,VOL,10.160715951274868
2025-03-29,PORT_C,SPREAD,4.987905114202423
2025-01-07,PORT_B,VOL,12.437585557284928
2025-02-25,PORT_C,P95,59.04065035592847
2025-02-20,PORT_B,SPREAD,8.288682068797673
2025-02-04,PORT_C,P95,54.07765820831428
2025-02-20,PORT_C,P95,58.142698505219656
2025-01-02,PORT_B,SPREAD,6.208863595004756
2025-01-24,PORT_C,P95,61.29314393644238
2025-02-18,PORT_C,DELTA,1.9840846990730456
2025-03-16,PORT_C,P50,39.31915599913864
2025-03-25,PORT_B,P50,31.36648421215766
2025-02-10,PORT_C,P95,58.18859081346953
2025-03-18,PORT_B,DELTA,-0.5459507998396702
2025-01-23,PORT_C,P50,42.67863240268928
2025-01-29,PORT_C,P95,53.724980446870674
2025-03-07,PORT_C,SPREAD,8.68753436569696
2025-01-15,PORT_B,SPREAD,6.362476458805302
2025-03-02,PORT_C,P95,56.01781862977688
2025-01-14,PORT_B,DELTA,-0.8024409437716725
2025-03-14,PORT_B,DELTA,-1.3309708293804308
2025-03-15,PORT_A,VOL,16.475758939035817
2025-01-07,PORT_A,DELTA,0.947665841823575
2025-03-09,PORT_A,DELTA,0.9602922724447392
2025-01-05,PORT_B,DELTA,1.534593677412808
2025-03-20,PORT_B,VOL,
2025-01-19,PORT_C,VOL,16.56937223180897
2025-02-16,PORT_B,P95,50.52272111432418
2025-01-06,PORT_C,P50,45.55390157559691
2025-01-29,PORT_C,VOL,11.77669971269986
2025-03-09,PORT_C,DELTA,1.5440431240068455
2025-01-11,PORT_A,DELTA,-2.8717243023588788
2025-01-06,PORT_A,P50,38.48957303765141
2025-03-20,PORT_A,DELTA,-1.8041031087150208
2025-03-31,PORT_C,DELTA,2.9971651440237363
2025-02-22,PORT_B,VOL,8.016245784938182
2025-02-08,PORT_C,P50,45.1140104345046
2025-01-30,PORT_C,P95,57.2285581951906
2025-02-16,PORT_C,DELTA,-1.5399464621172836
2025-01-13,PORT_B,DELTA,1.227682682950849
2025-01-19,PORT_A,P95,54.43683106139109
2025-03-17,PORT_C,P50,45.55154863426108
2025-02-28,PORT_C,VOL,12.880673796499888
2025-01-16,PORT_C,P95,57.02798387434247
2025-02-02,PORT_B,SPREAD,6.58380037615629
2025-03-28,PORT_C,SPREAD,6.439501230620227
2025-02-07,PORT_A,VOL,17.344875271276102
2025-01-08,PORT_C,SPREAD,5.396095627515472
2025-02-12,PORT_B,SPREAD,5.747619956535551
2025-03-30,PORT_C,P50,48.352196447707385
2025-02-23,PORT_B,P95,37.93285923918489
2025-02-20,PORT_A,P50,40.44600237160633
2025-02-04,PORT_A,SPREAD,6.249383683710756
2025-02-12,PORT_A,DELTA,2.101308792015224
2025-03-09,PORT_B,P95,42.450786479393166
2025-03-18,PORT_B,P50,38.36309200197341
2025-03-02,PORT_B,SPREAD,5.968081505356638
2025-03-23,PORT_B,DELTA,1.1771065395414395
2025-01-09,PORT_B,P95,43.46048056900019
2025-02-22,PORT_C,P50,48.55711246398899
2025-02-25,PORT_A,VOL,9.538968526407912
2025-01-08,PORT_C,P95,53.38133302642125
2025-02-01,PORT_B,DELTA,0.7648194923681012
2025-02-19,PORT_B,P50,33.17146339352215
2025-03-18,PORT_A,P50,
2025-03-05,PORT_B,P50,35.84986361463842
2025-01-04,PORT_C,SPREAD,6.345517943888766
2025-02-10,PORT_A,DELTA,0.6930077634614316
2025-02-22,PORT_B,P95,43.80462052682492
2025-02-25,PORT_B,P50,35.674054177255655
2025-01-08,PORT_C,VOL,12.77162247294032
2025-02-13,PORT_C,P95,66.53006573461536
2025-03-14,PORT_B,P50,30.49108901481454
2025-02-14,PORT_B,VOL,14.31924956753258
2025-01-08,PORT_A,P50,48.160507499768855
2025-02-12,PORT_B,P50,38.56109091668114
2025-01-25,PORT_B,VOL,12.474767942860105
2025-01-18,PORT_C,DELTA,-1.4728243445152926
2025-02-13,PORT_C,P50,51.87282771777223
2025-02-24,PORT_B,VOL,14.700685976745708
2025-03-04,PORT_B,P50,33.940501121567934
2025-02-24,PORT_C,SPREAD,5.419476550195277
2025-02-27,PORT_C,P95,61.10737371492621
2025-01-04,PORT_A,P95,47.52446129120656
2025-01-24,PORT_A,VOL,13.32634999594042
2025-03-19,PORT_C,P50,46.80362024678735
2025-03-08,PORT_A,P95,57.46666368113403
2025-02-28,PORT_B,P95,
2025-02-21,PORT_B,DELTA,-3.2271227957534823
2025-01-14,PORT_A,P50,39.35965854486446
2025-01-07,PORT_C,SPREAD,6.013001891877907
2025-01-01,PORT_A,VOL,
2025-02-11,PORT_A,VOL,13.345170880847585
2025-03-08,PORT_C,DELTA,
2025-02-08,PORT_A,P95,54.347381406287774
2025-01-04,PORT_B,SPREAD,6.0970775493480405
2025-01-18,PORT_B,DELTA,-2.070484644838748
2025-03-13,PORT_C,VOL,19.00249074038112
2025-03-24,PORT_A,P95,
2025-01-30,PORT_B,DELTA,-2.553497151640619
2025-03-08,PORT_C,SPREAD,
2025-02-25,PORT_C,SPREAD,5.312062612536173
2025-03-22,PORT_A,VOL,8.219505704482259
2025-01-21,PORT_A,VOL,12.779167505164445
2025-03-12,PORT_C,P95,53.99488906261973
2025-01-21,PORT_C,DELTA,-1.2079703734316412
2025-01-10,PORT_C,VOL,9.202225030316756
2025-02-08,PORT_A,VOL,17.207891409495748
2025-01-04,PORT_B,P50,33.41071938869889
2025-03-12,PORT_B,DELTA,-0.0919400158342903
2025-02-18,PORT_B,P95,47.0265852623504
2025-02-25,PORT_B,DELTA,-3.521617623961552
2025-02-01,PORT_B,P50,34.8516088710427
2025-03-06,PORT_C,P95,54.36564812621628
2025-02-13,PORT_B,DELTA,-0.6496627670172449
2025-01-27,PORT_B,VOL,10.365233295123272
2025-02-04,PORT_A,P95,49.51496595046888
2025-01-22,PORT_B,P50,28.88562639446644
2025-01-02,PORT_A,VOL,10.093320779176082
2025-02-15,PORT_B,VOL,11.115150965123917
2025-01-03,PORT_B,P50,34.072362872446355
2025-03-02,PORT_A,SPREAD,5.517256477817968
2025-02-25,PORT_A,SPREAD,4.893691818771658
2025-03-22,PORT_B,DELTA,-2.5962537701092607
2025-01-28,PORT_A,SPREAD,6.100817422254052
2025-03-03,PORT_B,P50,33.99567400368038
2025-02-05,PORT_C,SPREAD,5.657024171697371
2025-02-20,PORT_B,DELTA,-2.0879456799965164
2025-01-17,PORT_B,P50,29.723781540730656
2025-02-22,PORT_A,VOL,18.04016174257987
2025-02-02,PORT_B,VOL,15.250828961716412
2025-01-11,PORT_A,VOL,
2025-03-06,PORT_A,P95,47.65304015151099
2025-02-26,PORT_C,DELTA,-1.9188784734469595
2025-02-11,PORT_C,P50,44.58123111553448
2025-02-15,PORT_C,P50,48.7432262180212
2025-02-07,PORT_C,VOL,14.044335241071858
2025-03-27,PORT_C,P95,54.97596715665684
2025-01-02,PORT_A,SPREAD,6.947439821046639
2025-01-09,PORT_B,SPREAD,6.080198712540815
2025-03-03,PORT_C,SPREAD,5.954973177171134
2025-03-07,PORT_B,P50,34.68665234438758
2025-03-30,PORT_A,VOL,8.911885475453786
2025-01-13,PORT_C,P50,43.58688508314504
2025-03-08,PORT_A,SPREAD,7.639964529371393
2025-03-29,PORT_C,DELTA,0.7531480302782487
2025-02-10,PORT_B,P95,45.91262159650891
2025-01-13,PORT_A,P50,36.98194785550089
2025-01-21,PORT_A,P95,44.10045832904341
2025-02-03,PORT_A,P95,50.28638728501614
2025-03-19,PORT_C,P95,59.2738638906844
2025-03-17,PORT_B,SPREAD,7.360658595838651
2025-03-16,PORT_B,DELTA,-3.280533278450632
2025-02-04,PORT_B,SPREAD,5.595334176692954
2025-03-13,PORT_A,VOL,5.883116168983753
2025-02-01,PORT_C,P95,57.58810742563826
2025-01-11,PORT_B,SPREAD,6.126094827824029
2025-01-02,PORT_A,P95,44.52524774114781
2025-03-13,PORT_B,SPREAD,5.212216248091761
2025-02-06,PORT_B,P95,47.83868683041302
2025-02-13,PORT_C,DELTA,1.3599461510335118
2025-03-15,PORT_C,DELTA,-1.7886998253508055
2025-03-09,PORT_C,VOL,
2025-03-17,PORT_B,DELTA,-2.617640798238224
2025-03-05,PORT_C,VOL,14.002382344917937
2025-03-26,PORT_C,P50,
2025-01-19,PORT_C,DELTA,-1.722568402656527
2025-02-23,PORT_A,SPREAD,6.038591940227033
2025-01-16,PORT_A,P50,44.06161712249624
2025-01-02,PORT_C,P95,53.57241302187715
2025-01-30,PORT_A,SPREAD,7.062209850913712
2025-03-29,PORT_B,SPREAD,6.698828420202535
2025-01-16,PORT_A,VOL,12.907044870994929
2025-01-03,PORT_B,SPREAD,5.101792060544322
2025-02-19,PORT_C,VOL,13.251571393147692
2025-03-11,PORT_C,P50,45.780965516313664
2025-02-01,PORT_A,VOL,14.047869709371438
2025-03-29,PORT_A,VOL,13.36438550892714
2025-03-30,PORT_B,P95,39.53468004333637
2025-02-15,PORT_C,SPREAD,5.2650895855222
2025-03-24,PORT_C,P50,51.29916536749955
2025-02-12,PORT_B,VOL,16.305544647570155
2025-03-19,PORT_C,VOL,13.447572146485774
2025-03-17,PORT_A,DELTA,-0.3098492036725529
2025-03-23,PORT_C,P95,57.48393453421589
2025-02-23,PORT_B,P50,31.8655724179369
2025-01-11,PORT_C,P50,45.8429756032051
2025-03-05,PORT_C,P95,53.01942618065254
2025-02-24,PORT_C,P95,52.67188931972333
2025-03-19,PORT_A,VOL,12.205111887930784
2025-02-28,PORT_B,SPREAD,4.868973608508057
2025-03-02,PORT_C,DELTA,-2.8765559566347334
2025-01-11,PORT_A,SPREAD,7.441273289066116
2025-03-24,PORT_B,P50,36.06684004635698
2025-02-03,PORT_C,VOL,7.531820821052081
2025-03-17,PORT_B,VOL,2.941463532537524
2025-01-07,PORT_C,DELTA,
2025-02-09,PORT_A,P95,41.87063405557629
2025-03-21,PORT_C,P95,51.93786399729736
2025-01-04,PORT_B,DELTA,1.9372899810657784
2025-01-11,PORT_A,P95,48.94134769448123
2025-01-27,PORT_C,DELTA,-0.1138912474421349
2025-01-14,PORT_C,SPREAD,7.85996700648693
2025-03-27,PORT_A,SPREAD,4.976804488681705
2025-03-16,PORT_C,SPREAD,6.001205475362224
2025-01-01,PORT_B,DELTA,-1.142760331508283
2025-03-09,PORT_B,VOL,17.703572057259024
2025-03-12,PORT_C,P50,44.73491112238399
2025-01-31,PORT_A,SPREAD,7.446977884353733
2025-01-17,PORT_C,DELTA,-0.1782400790255768
2025-03-01,PORT_C,P95,49.77567339087011
2025-03-20,PORT_C,P95,52.325501504762926
2025-02-28,PORT_C,P50,40.31236242934037
2025-03-26,PORT_C,VOL,13.043029450615007
2025-02-11,PORT_B,DELTA,-5.792510756387379
2025-01-24,PORT_A,P50,39.83324598726863
2025-03-19,PORT_B,P95,49.25508232365106
2025-01-18,PORT_B,SPREAD,5.892969640045442
2025-01-11,PORT_A,P50,38.67986653990905
2025-02-01,PORT_B,SPREAD,4.877277978437702
2025-02-12,PORT_C,P50,46.79220020954958
2025-03-31,PORT_A,SPREAD,6.07747371873723
2025-03-26,PORT_C,P95,50.30354089981841
2025-02-06,PORT_C,P50,43.64308104225277
2025-03-03,PORT_C,DELTA,2.2974669658588778
2025-02-02,PORT_B,DELTA,1.0869982055786838
2025-03-23,PORT_A,VOL,10.14709017181726
2025-01-10,PORT_C,P95,52.40220768073032
2025-01-27,PORT_C,SPREAD,5.636387787786144
2025-03-05,PORT_B,VOL,14.613891892371733
2025-03-26,PORT_B,P95,46.26897369012811
2025-02-13,PORT_C,VOL,
2025-01-31,PORT_C,DELTA,-1.0457200543065366
2025-01-13,PORT_B,P95,46.266851509399
2025-03-18,PORT_B,SPREAD,7.125587771040344
2025-02-10,PORT_B,DELTA,1.2978484210139911
2025-01-10,PORT_B,DELTA,-0.9684681457325028
2025-02-20,PORT_A,P95,49.771830429370254
2025-03-07,PORT_B,P95,44.34900889800756
2025-01-14,PORT_A,SPREAD,5.995437171009704
2025-02-28,PORT_C,DELTA,-2.508578846338499
2025-01-19,PORT_B,VOL,10.036879961660953
2025-01-20,PORT_B,DELTA,-1.6619002328220756
2025-03-23,PORT_C,SPREAD,5.418853954549983
2025-01-27,PORT_C,P50,45.34268294598612
2025-01-09,PORT_A,SPREAD,5.684730755359654
2025-01-14,PORT_B,SPREAD,6.690143991711112
2025-02-25,PORT_C,P50,48.78775231028155
2025-01-17,PORT_B,P95,38.750352548645154
2025-03-27,PORT_B,SPREAD,4.274193271209404
2025-03-26,PORT_B,VOL,14.873182960986028
2025-03-18,PORT_C,DELTA,-0.2064435058649924
2025-01-26,PORT_B,VOL,10.42643920116068
2025-02-26,PORT_C,VOL,10.88337967178684
2025-01-15,PORT_B,VOL,14.911571460039632
2025-02-12,PORT_C,P95,
2025-01-01,PORT_A,P95,51.21361385669133
2025-01-08,PORT_B,SPREAD,5.116142563798867
2025-02-16,PORT_B,DELTA,-3.246091786931491
2025-03-27,PORT_C,VOL,12.685729582553693
2025-03-05,PORT_B,P95,45.33205366723027
2025-03-21,PORT_A,VOL,16.64271028508678
2025-03-23,PORT_A,SPREAD,6.224625785389019
2025-01-30,PORT_B,P95,46.70423003172398
2025-03-17,PORT_C,P95,57.2382938785752
2025-02-14,PORT_A,DELTA,-0.1251862557990448
2025-03-24,PORT_A,VOL,16.452348085607895
2025-01-22,PORT_A,SPREAD,5.680942978933657
2025-02-13,PORT_A,DELTA,-3.1054541356320757
2025-02-17,PORT_A,VOL,17.180501526656283
2025-03-06,PORT_C,SPREAD,
2025-02-11,PORT_C,SPREAD,5.34928646265491
2025-02-12,PORT_A,SPREAD,6.201099046714967
2025-03-29,PORT_C,P95,51.18761281824424
2025-03-25,PORT_A,P50,39.45632748034569
2025-02-23,PORT_A,P50,44.50400095586646
2025-02-13,PORT_A,P50,40.37672936041463
2025-03-09,PORT_B,SPREAD,7.076007138598598
2025-02-07,PORT_A,P95,56.08042524902581
2025-02-15,PORT_B,P95,39.88259989823433
2025-02-08,PORT_B,SPREAD,5.47070176245378
2025-03-15,PORT_C,VOL,9.94812149460271
2025-03-20,PORT_C,DELTA,-0.382055525200338
2025-02-04,PORT_C,VOL,10.334401419920404
2025-03-12,PORT_B,VOL,8.56000585643729
2025-02-06,PORT_A,P50,41.92816827960263
2025-03-21,PORT_B,VOL,8.282678773038297
2025-02-19,PORT_C,DELTA,-1.933034051869986
2025-03-25,PORT_A,DELTA,0.2010401890163239
2025-02-02,PORT_A,VOL,10.343330867157086
2025-01-07,PORT_B,P50,36.96966082590149
2025-03-10,PORT_A,P50,38.55081684494968
2025-02-07,PORT_B,DELTA,1.2816857225340197
2025-02-19,PORT_B,SPREAD,6.056649924897108
2025-02-27,PORT_B,DELTA,-5.744524426563299
2025-03-01,PORT_B,P95,44.79526898766503
2025-03-11,PORT_A,DELTA,1.7109200173652896
2025-01-14,PORT_C,P95,54.17389279912864
2025-01-27,PORT_A,SPREAD,6.924027019206901
2025-02-22,PORT_C,VOL,7.734567999774469
2025-02-28,PORT_A,P50,39.32056332429542
2025-01-27,PORT_B,SPREAD,3.8301223129591415
2025-02-21,PORT_A,P95,49.18719955012325
2025-03-31,PORT_B,P95,41.85039565123186
2025-03-10,PORT_B,DELTA,2.452810287740768
2025-02-12,PORT_C,SPREAD,5.702436496640008
2025-02-10,PORT_C,SPREAD,6.381935452231553
2025-03-06,PORT_A,P50,39.60209876085228
2025-02-18,PORT_B,P50,36.52397398073763
2025-02-15,PORT_B,DELTA,1.7898487538888823
2025-01-07,PORT_B,DELTA,-1.7352821799587492
2025-02-23,PORT_B,VOL,11.336239129242683
2025-01-28,PORT_A,P95,42.29260006251547
2025-02-03,PORT_B,SPREAD,7.382158991037527
2025-03-13,PORT_B,P95,38.511479198073744
2025-03-12,PORT_B,P95,46.36516549961212
2025-03-03,PORT_C,VOL,
2025-02-21,PORT_C,VOL,14.764048808959489
2025-01-14,PORT_B,P50,34.67371955462943
2025-01-09,PORT_C,VOL,
2025-03-12,PORT_A,P95,56.72229385993873
2025-01-03,PORT_C,P50,44.89252188267015
2025-03-09,PORT_C,SPREAD,5.818521670420804
2025-01-16,PORT_B,P50,33.64980358556227
2025-01-26,PORT_A,DELTA,0.5796845283369357
2025-01-20,PORT_A,DELTA,0.0553818632324255
2025-01-28,PORT_C,DELTA,-3.0480304834540606
2025-01-27,PORT_A,P95,48.47617191395575
2025-02-09,PORT_B,SPREAD,5.374437298490471
2025-03-19,PORT_B,SPREAD,5.860553724319001
2025-03-14,PORT_B,P95,39.76756287714092
2025-02-13,PORT_A,SPREAD,7.552561815489642
2025-03-18,PORT_C,SPREAD,6.39046484992889
2025-02-04,PORT_C,P50,43.32323445818523
2025-01-05,PORT_A,VOL,12.18069062982308
2025-01-01,PORT_C,VOL,12.202584614063772
2025-03-20,PORT_C,P50,
2025-03-12,PORT_C,VOL,13.682758343823716
2025-02-02,PORT_C,SPREAD,5.482388700963829
2025-01-26,PORT_A,VOL,11.235536194882906
2025-01-13,PORT_B,SPREAD,6.803813051376259
2025-02-20,PORT_C,DELTA,-5.18208458428982
2025-01-15,PORT_B,P95,39.59732190082928
2025-02-22,PORT_C,P95,59.99501908531913
2025-03-13,PORT_C,P95,53.24000229398203
2025-02-28,PORT_B,DELTA,-3.5256649676853904
2025-01-23,PORT_B,SPREAD,5.55536244175436
2025-02-17,PORT_C,VOL,15.681150179910455
2025-01-20,PORT_C,P50,44.84928567165259
2025-03-09,PORT_C,P95,56.48071609268264
2025-03-27,PORT_A,P50,
2025-01-31,PORT_B,P50,30.54331888088908
2025-02-24,PORT_B,P50,35.063814730208186
2025-01-18,PORT_C,VOL,13.738513204649562
2025-03-08,PORT_B,P50,30.19410256430849
2025-01-14,PORT_B,P95,45.47714299882731
2025-01-11,PORT_C,P95,54.59757656356391
2025-02-18,PORT_B,VOL,13.391916848770377
2025-01-27,PORT_C,P95,55.64328646890988
2025-02-16,PORT_C,SPREAD,6.034083468259226
2025-03-17,PORT_A,VOL,14.102208855398692
2025-02-07,PORT_C,P50,46.71774834406848
2025-03-10,PORT_A,P95,48.84440286892078
2025-03-10,PORT_B,P50,32.326423323754135
2025-03-15,PORT_B,VOL,11.943873730662308
2025-01-14,PORT_C,P50,45.03777720234538
2025-01-03,PORT_A,VOL,9.482347430332084
2025-02-21,PORT_C,P50,44.3720289685444
2025-02-03,PORT_C,DELTA,1.6355053917520996
2025-03-30,PORT_B,VOL,10.027703527340586
2025-01-07,PORT_A,P95,49.45051458384331
2025-03-01,PORT_C,SPREAD,4.9656271720764025
2025-02-07,PORT_B,VOL,10.28646303065161
2025-02-21,PORT_C,P95,51.17375599565037
2025-01-17,PORT_A,P95,54.67339096382014
2025-01-01,PORT_C,DELTA,-0.4515526009730713
2025-01-22,PORT_A,P50,39.53296829382376
2025-02-10,PORT_A,P50,36.11595557283728
2025-01-26,PORT_C,SPREAD,6.252755507537887
2025-03-28,PORT_B,SPREAD,6.995532469083081
2025-01-12,PORT_A,P95,51.289404576532846
2025-02-26,PORT_A,P50,37.54540334973308
2025-01-02,PORT_B,P50,37.46763473630957
2025-02-13,PORT_A,P95,48.60640236241493
2025-03-18,PORT_C,VOL,
2025-02-25,PORT_B,P95,47.53923584100183
2025-03-26,PORT_B,SPREAD,5.631204063322165
2025-02-07,PORT_B,SPREAD,7.797686526849523
2025-03-29,PORT_C,P50,43.42189547199726
2025-02-15,PORT_C,P95,
2025-03-05,PORT_C,SPREAD,4.683251153177944
2025-01-13,PORT_B,VOL,16.073642364299964
2025-03-07,PORT_A,P50,45.51455103038537
2025-02-16,PORT_B,VOL,13.690036387515072
2025-02-04,PORT_A,P50,39.076665295141
2025-03-14,PORT_A,SPREAD,5.5346895432199466
2025-02-01,PORT_B,VOL,12.499356624639168
2025-02-27,PORT_A,P95,52.21069213062068
2025-02-19,PORT_C,SPREAD,4.717501378878477
2025-01-17,PORT_C,SPREAD,3.9325578999601234
2025-01-02,PORT_B,P95,45.02594743636752
2025-01-31,PORT_B,VOL,9.94970462960963
2025-03-20,PORT_C,VOL,19.237846264838748
2025-01-19,PORT_B,P95,47.98491448918291
2025-03-05,PORT_C,P50,40.96206095925975
2025-03-23,PORT_A,P50,46.26861616508432
2025-01-26,PORT_C,P50,46.46812368368376
2025-02-23,PORT_C,P50,44.16956010033324
2025-01-23,PORT_C,DELTA,2.992088622978366
2025-02-21,PORT_A,VOL,18.181675849848155
2025-03-30,PORT_C,SPREAD,5.640231354210914
2025-01-09,PORT_C,P50,45.13671551971144
2025-02-28,PORT_A,P95,50.055294337927776
2025-03-16,PORT_C,DELTA,-1.6341772621363813
2025-01-06,PORT_C,SPREAD,5.132853843950446
2025-01-23,PORT_A,P50,40.54559876517549
2025-03-24,PORT_B,DELTA,-1.3913427556964042
2025-02-01,PORT_A,P95,45.28728957120336
2025-01-09,PORT_A,P95,54.16478779309121
2025-03-11,PORT_B,VOL,12.866080887839573
2025-03-15,PORT_A,P50,38.03870098405354
2025-03-17,PORT_B,P50,35.17979789079899
2025-03-28,PORT_A,VOL,10.848086184142945
2025-02-27,PORT_B,P50,36.54080031970915
2025-03-17,PORT_A,P95,54.55854878642125
